﻿<?xml version="1.0" encoding="utf-8"?>
<metadata>
  <topic id="9ffffd06-eb47-4a1b-83fa-197a9871d634" revisionNumber="1">
    <item id="PBM_FileVersion">1.0.0.0</item>
    <title>Welcome to the [TODO: Add project name]</title>
    <keyword index="K">Welcome</keyword>
  </topic>
  <topic id="7db79b15-6e7e-4e57-8bda-846296305f63" revisionNumber="1">
    <item id="PBM_FileVersion">1.0.0.0</item>
    <title>Version History</title>
    <keyword index="K">version, history</keyword>
  </topic>
  <topic id="36ee2f27-d0f7-47ea-a3d9-8ea80b98976e" revisionNumber="1">
    <item id="PBM_FileVersion">1.0.0.0</item>
    <title>Version 1.0.0.0</title>
    <keyword index="K">version, 1.0.0.0</keyword>
  </topic>
</metadata>