﻿<?xml version="1.0" encoding="utf-8"?>
<reflection>
  <assemblies>
    <assembly name="ConsoleApp1">
      <assemblydata version="1.0.0.0" culture="" key="" hash="SHA1" />
      <attributes>
        <attribute>
          <type api="T:System.Reflection.AssemblyFileVersionAttribute" ref="true" />
          <argument>
            <type api="T:System.String" ref="true" />
            <value>1.0.0.0</value>
          </argument>
        </attribute>
        <attribute>
          <type api="T:System.Reflection.AssemblyInformationalVersionAttribute" ref="true" />
          <argument>
            <type api="T:System.String" ref="true" />
            <value>1.0.0</value>
          </argument>
        </attribute>
      </attributes>
    </assembly>
  </assemblies>
  <apis>
    <api id="N:ConsoleApp1">
      <topicdata group="api" />
      <apidata name="ConsoleApp1" group="namespace" />
      <elements>
        <element api="T:ConsoleApp1.Plane" />
      </elements>
      <file name="d3b69d4f-b21b-27e2-b03f-940ae2392aa7" />
    </api>
    <api id="T:ConsoleApp1.Plane">
      <topicdata group="api" />
      <apidata name="Plane" group="type" subgroup="class" />
      <typedata visibility="public" serializable="false" />
      <family>
        <ancestors>
          <type api="T:System.Object" ref="true" />
        </ancestors>
      </family>
      <elements>
        <element api="F:ConsoleApp1.Plane._fuel" />
        <element api="F:ConsoleApp1.Plane._height" />
        <element api="F:ConsoleApp1.Plane._orientation" />
        <element api="F:ConsoleApp1.Plane._speed" />
        <element api="M:ConsoleApp1.Plane.#ctor(System.Double,System.Double,System.Double,System.Double)" />
        <element api="M:ConsoleApp1.Plane.Ascend(System.Double)" />
        <element api="M:ConsoleApp1.Plane.ConsumeFuel(System.Double)" />
        <element api="M:ConsoleApp1.Plane.Descend(System.Double)" />
        <element api="M:ConsoleApp1.Plane.Turn(System.Double)" />
        <element api="P:ConsoleApp1.Plane.Fuel" />
        <element api="P:ConsoleApp1.Plane.Height" />
        <element api="P:ConsoleApp1.Plane.Orientation" />
        <element api="P:ConsoleApp1.Plane.Speed" />
      </elements>
      <containers>
        <library assembly="ConsoleApp1" module="ConsoleApp1" kind="ConsoleApplication">
          <assemblydata version="1.0.0" />
        </library>
        <namespace api="N:ConsoleApp1" />
      </containers>
      <file name="0e697627-2d4e-3793-2793-228f3e81ee7a" />
    </api>
    <api id="Methods.T:ConsoleApp1.Plane">
      <topicdata name="Plane" group="list" subgroup="Methods" typeTopicId="T:ConsoleApp1.Plane" />
      <apidata name="Plane" group="type" subgroup="class" />
      <typedata visibility="public" serializable="false" />
      <elements>
        <element api="M:ConsoleApp1.Plane.Ascend(System.Double)" />
        <element api="M:ConsoleApp1.Plane.ConsumeFuel(System.Double)" />
        <element api="M:ConsoleApp1.Plane.Descend(System.Double)" />
        <element api="M:ConsoleApp1.Plane.Turn(System.Double)" />
      </elements>
      <containers>
        <library assembly="ConsoleApp1" module="ConsoleApp1" kind="ConsoleApplication">
          <assemblydata version="1.0.0" />
        </library>
        <namespace api="N:ConsoleApp1" />
        <type api="T:ConsoleApp1.Plane" />
      </containers>
      <file name="93ab9836-8003-5cba-2fcc-81063824c51e" />
    </api>
    <api id="Properties.T:ConsoleApp1.Plane">
      <topicdata name="Plane" group="list" subgroup="Properties" typeTopicId="T:ConsoleApp1.Plane" />
      <apidata name="Plane" group="type" subgroup="class" />
      <typedata visibility="public" serializable="false" />
      <elements>
        <element api="P:ConsoleApp1.Plane.Fuel" />
        <element api="P:ConsoleApp1.Plane.Height" />
        <element api="P:ConsoleApp1.Plane.Orientation" />
        <element api="P:ConsoleApp1.Plane.Speed" />
      </elements>
      <containers>
        <library assembly="ConsoleApp1" module="ConsoleApp1" kind="ConsoleApplication">
          <assemblydata version="1.0.0" />
        </library>
        <namespace api="N:ConsoleApp1" />
        <type api="T:ConsoleApp1.Plane" />
      </containers>
      <file name="89798c37-51b4-a956-b99a-bb5364d040e3" />
    </api>
    <api id="Fields.T:ConsoleApp1.Plane">
      <topicdata name="Plane" group="list" subgroup="Fields" typeTopicId="T:ConsoleApp1.Plane" />
      <apidata name="Plane" group="type" subgroup="class" />
      <typedata visibility="public" serializable="false" />
      <elements>
        <element api="F:ConsoleApp1.Plane._fuel" />
        <element api="F:ConsoleApp1.Plane._height" />
        <element api="F:ConsoleApp1.Plane._orientation" />
        <element api="F:ConsoleApp1.Plane._speed" />
      </elements>
      <containers>
        <library assembly="ConsoleApp1" module="ConsoleApp1" kind="ConsoleApplication">
          <assemblydata version="1.0.0" />
        </library>
        <namespace api="N:ConsoleApp1" />
        <type api="T:ConsoleApp1.Plane" />
      </containers>
      <file name="1d995c01-fde2-998e-61e3-a901cb446014" />
    </api>
    <api id="M:ConsoleApp1.Plane.#ctor(System.Double,System.Double,System.Double,System.Double)">
      <topicdata group="api" />
      <apidata name=".ctor" group="member" subgroup="constructor" />
      <memberdata visibility="public" special="true" />
      <parameters>
        <parameter name="height">
          <type api="T:System.Double" ref="false" />
        </parameter>
        <parameter name="velocity">
          <type api="T:System.Double" ref="false" />
        </parameter>
        <parameter name="fuel">
          <type api="T:System.Double" ref="false" />
        </parameter>
        <parameter name="orientation">
          <type api="T:System.Double" ref="false" />
        </parameter>
      </parameters>
      <containers>
        <library assembly="ConsoleApp1" module="ConsoleApp1" kind="ConsoleApplication">
          <assemblydata version="1.0.0" />
          <noAptca />
        </library>
        <namespace api="N:ConsoleApp1" />
        <type api="T:ConsoleApp1.Plane" ref="true" />
      </containers>
      <file name="0a7605ed-e838-8f00-8dcb-b29948c665b1" />
    </api>
    <api id="F:ConsoleApp1.Plane._fuel">
      <topicdata group="api" />
      <apidata name="_fuel" group="member" subgroup="field" />
      <memberdata visibility="private" />
      <fielddata literal="false" initonly="false" serialized="true" />
      <returns>
        <type api="T:System.Double" ref="false" />
      </returns>
      <containers>
        <library assembly="ConsoleApp1" module="ConsoleApp1" kind="ConsoleApplication">
          <assemblydata version="1.0.0" />
          <noAptca />
        </library>
        <namespace api="N:ConsoleApp1" />
        <type api="T:ConsoleApp1.Plane" ref="true" />
      </containers>
      <file name="52981345-a8f4-bf67-6293-7ed93f5438c7" />
    </api>
    <api id="F:ConsoleApp1.Plane._height">
      <topicdata group="api" />
      <apidata name="_height" group="member" subgroup="field" />
      <memberdata visibility="private" />
      <fielddata literal="false" initonly="false" serialized="true" />
      <returns>
        <type api="T:System.Double" ref="false" />
      </returns>
      <containers>
        <library assembly="ConsoleApp1" module="ConsoleApp1" kind="ConsoleApplication">
          <assemblydata version="1.0.0" />
          <noAptca />
        </library>
        <namespace api="N:ConsoleApp1" />
        <type api="T:ConsoleApp1.Plane" ref="true" />
      </containers>
      <file name="0a7a8d02-afc1-3430-eab7-c61cc53456e3" />
    </api>
    <api id="F:ConsoleApp1.Plane._orientation">
      <topicdata group="api" />
      <apidata name="_orientation" group="member" subgroup="field" />
      <memberdata visibility="private" />
      <fielddata literal="false" initonly="false" serialized="true" />
      <returns>
        <type api="T:System.Double" ref="false" />
      </returns>
      <containers>
        <library assembly="ConsoleApp1" module="ConsoleApp1" kind="ConsoleApplication">
          <assemblydata version="1.0.0" />
          <noAptca />
        </library>
        <namespace api="N:ConsoleApp1" />
        <type api="T:ConsoleApp1.Plane" ref="true" />
      </containers>
      <file name="6f7b41cf-3a38-7ae0-90d1-5ee0524f1634" />
    </api>
    <api id="F:ConsoleApp1.Plane._speed">
      <topicdata group="api" />
      <apidata name="_speed" group="member" subgroup="field" />
      <memberdata visibility="private" />
      <fielddata literal="false" initonly="false" serialized="true" />
      <returns>
        <type api="T:System.Double" ref="false" />
      </returns>
      <containers>
        <library assembly="ConsoleApp1" module="ConsoleApp1" kind="ConsoleApplication">
          <assemblydata version="1.0.0" />
          <noAptca />
        </library>
        <namespace api="N:ConsoleApp1" />
        <type api="T:ConsoleApp1.Plane" ref="true" />
      </containers>
      <file name="31eda978-018a-ccb1-d1a0-0988f6099684" />
    </api>
    <api id="M:ConsoleApp1.Plane.Ascend(System.Double)">
      <topicdata group="api" />
      <apidata name="Ascend" group="member" subgroup="method" />
      <memberdata visibility="public" />
      <proceduredata virtual="false" />
      <parameters>
        <parameter name="meters">
          <type api="T:System.Double" ref="false" />
        </parameter>
      </parameters>
      <containers>
        <library assembly="ConsoleApp1" module="ConsoleApp1" kind="ConsoleApplication">
          <assemblydata version="1.0.0" />
          <noAptca />
        </library>
        <namespace api="N:ConsoleApp1" />
        <type api="T:ConsoleApp1.Plane" ref="true" />
      </containers>
      <file name="552be91a-5929-8863-ec78-01500aa4162f" />
    </api>
    <api id="M:ConsoleApp1.Plane.ConsumeFuel(System.Double)">
      <topicdata group="api" />
      <apidata name="ConsumeFuel" group="member" subgroup="method" />
      <memberdata visibility="private" />
      <proceduredata virtual="false" />
      <parameters>
        <parameter name="litros">
          <type api="T:System.Double" ref="false" />
        </parameter>
      </parameters>
      <containers>
        <library assembly="ConsoleApp1" module="ConsoleApp1" kind="ConsoleApplication">
          <assemblydata version="1.0.0" />
          <noAptca />
        </library>
        <namespace api="N:ConsoleApp1" />
        <type api="T:ConsoleApp1.Plane" ref="true" />
      </containers>
      <file name="ef300c53-c381-7dc4-a644-e63474d4e2c5" />
    </api>
    <api id="M:ConsoleApp1.Plane.Descend(System.Double)">
      <topicdata group="api" />
      <apidata name="Descend" group="member" subgroup="method" />
      <memberdata visibility="public" />
      <proceduredata virtual="false" />
      <parameters>
        <parameter name="metros">
          <type api="T:System.Double" ref="false" />
        </parameter>
      </parameters>
      <containers>
        <library assembly="ConsoleApp1" module="ConsoleApp1" kind="ConsoleApplication">
          <assemblydata version="1.0.0" />
          <noAptca />
        </library>
        <namespace api="N:ConsoleApp1" />
        <type api="T:ConsoleApp1.Plane" ref="true" />
      </containers>
      <file name="6ff5b6ab-c72e-39e7-19d0-b1ac3621f56e" />
    </api>
    <api id="P:ConsoleApp1.Plane.Fuel">
      <topicdata group="api" />
      <apidata name="Fuel" group="member" subgroup="property" />
      <memberdata visibility="public" />
      <proceduredata virtual="false" />
      <propertydata get="true" />
      <getter name="get_Fuel" />
      <returns>
        <type api="T:System.Double" ref="false" />
      </returns>
      <containers>
        <library assembly="ConsoleApp1" module="ConsoleApp1" kind="ConsoleApplication">
          <assemblydata version="1.0.0" />
          <noAptca />
        </library>
        <namespace api="N:ConsoleApp1" />
        <type api="T:ConsoleApp1.Plane" ref="true" />
      </containers>
      <file name="04608afa-6482-079d-3468-eebc2622c53b" />
    </api>
    <api id="P:ConsoleApp1.Plane.Height">
      <topicdata group="api" />
      <apidata name="Height" group="member" subgroup="property" />
      <memberdata visibility="public" />
      <proceduredata virtual="false" />
      <propertydata get="true" />
      <getter name="get_Height" />
      <returns>
        <type api="T:System.Double" ref="false" />
      </returns>
      <containers>
        <library assembly="ConsoleApp1" module="ConsoleApp1" kind="ConsoleApplication">
          <assemblydata version="1.0.0" />
          <noAptca />
        </library>
        <namespace api="N:ConsoleApp1" />
        <type api="T:ConsoleApp1.Plane" ref="true" />
      </containers>
      <file name="a26f0bc6-3a75-d061-a4d7-918854beaecf" />
    </api>
    <api id="P:ConsoleApp1.Plane.Orientation">
      <topicdata group="api" />
      <apidata name="Orientation" group="member" subgroup="property" />
      <memberdata visibility="public" />
      <proceduredata virtual="false" />
      <propertydata get="true" />
      <getter name="get_Orientation" />
      <returns>
        <type api="T:System.Double" ref="false" />
      </returns>
      <containers>
        <library assembly="ConsoleApp1" module="ConsoleApp1" kind="ConsoleApplication">
          <assemblydata version="1.0.0" />
          <noAptca />
        </library>
        <namespace api="N:ConsoleApp1" />
        <type api="T:ConsoleApp1.Plane" ref="true" />
      </containers>
      <file name="305a2fdc-b90d-8ebf-6b76-520edc69a553" />
    </api>
    <api id="P:ConsoleApp1.Plane.Speed">
      <topicdata group="api" />
      <apidata name="Speed" group="member" subgroup="property" />
      <memberdata visibility="public" />
      <proceduredata virtual="false" />
      <propertydata get="true" />
      <getter name="get_Speed" />
      <returns>
        <type api="T:System.Double" ref="false" />
      </returns>
      <containers>
        <library assembly="ConsoleApp1" module="ConsoleApp1" kind="ConsoleApplication">
          <assemblydata version="1.0.0" />
          <noAptca />
        </library>
        <namespace api="N:ConsoleApp1" />
        <type api="T:ConsoleApp1.Plane" ref="true" />
      </containers>
      <file name="d3f864d8-35a6-7043-7330-13448bf7d5d6" />
    </api>
    <api id="M:ConsoleApp1.Plane.Turn(System.Double)">
      <topicdata group="api" />
      <apidata name="Turn" group="member" subgroup="method" />
      <memberdata visibility="public" />
      <proceduredata virtual="false" />
      <parameters>
        <parameter name="degrees">
          <type api="T:System.Double" ref="false" />
        </parameter>
      </parameters>
      <containers>
        <library assembly="ConsoleApp1" module="ConsoleApp1" kind="ConsoleApplication">
          <assemblydata version="1.0.0" />
          <noAptca />
        </library>
        <namespace api="N:ConsoleApp1" />
        <type api="T:ConsoleApp1.Plane" ref="true" />
      </containers>
      <file name="5444c80a-c4f7-c988-105f-1150e218ff90" />
    </api>
  </apis>
</reflection>